type,symbol,d,no,no_p,no_l,wr,tp2,tl2,tg2,inv2,tir2$,tp3,tl3,tg3,inv3,tir3$
total,BNBUSDT,0.0,1,1,0,100.0%,3.0%,0%,3.0%,1000,1030.0,5.68%,0%,5.68%,1000,1056.8
total,ZILUSDT,64.5,3,3,0,100.0%,9.0%,0%,9.0%,1000,1090.0,13.96%,0%,13.96%,1000,1139.6
total,TRBUSDT,57.0,3,3,0,100.0%,7.0%,0%,7.0%,1000,1070.0,9.28%,0%,9.28%,1000,1092.8
total,ARKMUSDT,64.33,6,6,0,100.0%,16.0%,0%,16.0%,1000,1160.0,26.32%,0%,26.32%,1000,1263.2
total,ARPAUSDT,94.83,4,4,0,100.0%,10.0%,0%,10.0%,1000,1100.0,11.88%,0%,11.88%,1000,1118.8
total,GMXUSDT,81.33,5,5,0,100.0%,15.0%,0%,15.0%,1000,1150.0,25.32%,0%,25.32%,1000,1253.2
total,ASTRUSDT,64.5,5,5,0,100.0%,11.0%,0%,11.0%,1000,1110.0,15.96%,0%,15.96%,1000,1159.6
total,COMPUSDT,66.33,3,3,0,100.0%,9.0%,0%,9.0%,1000,1090.0,10.88%,0%,10.88%,1000,1108.8
total,BALUSDT,93.17,4,4,0,100.0%,10.0%,0%,10.0%,1000,1100.0,14.96%,0%,14.96%,1000,1149.6
total,MASKUSDT,95.5,5,5,0,100.0%,11.0%,0%,11.0%,1000,1110.0,12.88%,0%,12.88%,1000,1128.8
total,ENSUSDT,78.33,3,3,0,100.0%,9.0%,0%,9.0%,1000,1090.0,13.96%,0%,13.96%,1000,1139.6
total,DENTUSDT,77.33,4,4,0,100.0%,8.0%,0%,8.0%,1000,1080.0,10.28%,0%,10.28%,1000,1102.8
total,RIFUSDT,129.67,7,7,0,100.0%,13.0%,0%,13.0%,1000,1130.0,17.96%,0%,17.96%,1000,1179.6
total,ICPUSDT,103.0,5,5,0,100.0%,11.0%,0%,11.0%,1000,1110.0,15.96%,0%,15.96%,1000,1159.6
total,STGUSDT,80.33,5,5,0,100.0%,15.0%,0%,15.0%,1000,1150.0,25.32%,0%,25.32%,1000,1253.2
total,IOTAUSDT,77.17,4,4,0,100.0%,10.0%,0%,10.0%,1000,1100.0,14.96%,0%,14.96%,1000,1149.6
total,SNXUSDT,70.33,6,6,0,100.0%,16.0%,0%,16.0%,1000,1160.0,17.08%,0%,17.08%,1000,1170.8
total,DASHUSDT,96.17,4,4,0,100.0%,10.0%,0%,10.0%,1000,1100.0,11.88%,0%,11.88%,1000,1118.8
total,STRAXUSDT,97.67,3,3,0,100.0%,7.0%,0%,7.0%,1000,1070.0,6.2%,0%,6.2%,1000,1062.0
total,STPTUSDT,64.5,4,4,0,100.0%,10.0%,0%,10.0%,1000,1100.0,14.96%,0%,14.96%,1000,1149.6
total,SSVUSDT,84.33,7,7,0,100.0%,15.0%,0%,15.0%,1000,1150.0,25.72%,0%,25.72%,1000,1257.2
total,OCEANUSDT,86.5,5,5,0,100.0%,11.0%,0%,11.0%,1000,1110.0,19.04%,0%,19.04%,1000,1190.4
total,ATOMUSDT,86.5,4,4,0,100.0%,10.0%,0%,10.0%,1000,1100.0,14.96%,0%,14.96%,1000,1149.6
total,FXSUSDT,92.0,3,3,0,100.0%,7.0%,0%,7.0%,1000,1070.0,9.28%,0%,9.28%,1000,1092.8
total,LPTUSDT,102.17,4,4,0,100.0%,10.0%,0%,10.0%,1000,1100.0,11.88%,0%,11.88%,1000,1118.8
total,MAVUSDT,99.83,7,7,0,100.0%,17.0%,0%,17.0%,1000,1170.0,24.24%,0%,24.24%,1000,1242.4
total,GLMRUSDT,110.83,5,5,0,100.0%,9.0%,0%,9.0%,1000,1090.0,14.36%,0%,14.36%,1000,1143.6
total,AVAXUSDT,87.0,4,4,0,100.0%,8.0%,0%,8.0%,1000,1080.0,13.36%,0%,13.36%,1000,1133.6
total,EDUUSDT,111.17,6,6,0,100.0%,14.0%,0%,14.0%,1000,1140.0,21.64%,0%,21.64%,1000,1216.4
total,RVNUSDT,89.67,5,5,0,100.0%,13.0%,0%,13.0%,1000,1130.0,17.56%,0%,17.56%,1000,1175.6
total,SLPUSDT,94.0,5,5,0,100.0%,11.0%,0%,11.0%,1000,1110.0,15.96%,0%,15.96%,1000,1159.6
total,QNTUSDT,134.5,4,4,0,100.0%,10.0%,0%,10.0%,1000,1100.0,14.96%,0%,14.96%,1000,1149.6
total,ARBUSDT,134.33,5,5,0,100.0%,13.0%,0%,13.0%,1000,1130.0,20.64%,0%,20.64%,1000,1206.4
total,BTCUSDT,0.0,1,1,0,100.0%,3.0%,0%,3.0%,1000,1030.0,5.68%,0%,5.68%,1000,1056.8
total,TWTUSDT,40.33,2,2,0,100.0%,4.0%,0%,4.0%,1000,1040.0,6.68%,0%,6.68%,1000,1066.8
total,TUSDT,15.0,3,3,0,100.0%,9.0%,0%,9.0%,1000,1090.0,10.88%,0%,10.88%,1000,1108.8
total,FLOWUSDT,28.67,2,2,0,100.0%,6.0%,0%,6.0%,1000,1060.0,11.36%,0%,11.36%,1000,1113.6
total,DOTUSDT,38.0,3,3,0,100.0%,7.0%,0%,7.0%,1000,1070.0,12.36%,0%,12.36%,1000,1123.6
total,YFIUSDT,39.67,3,3,0,100.0%,9.0%,0%,9.0%,1000,1090.0,17.04%,0%,17.04%,1000,1170.4
total,LOOMUSDT,46.17,3,3,0,100.0%,7.0%,0%,7.0%,1000,1070.0,9.28%,0%,9.28%,1000,1092.8
total,DOGEUSDT,65.0,3,3,0,100.0%,7.0%,0%,7.0%,1000,1070.0,9.28%,0%,9.28%,1000,1092.8
total,JASMYUSDT,88.83,5,5,0,100.0%,9.0%,0%,9.0%,1000,1090.0,14.36%,0%,14.36%,1000,1143.6
total,IOSTUSDT,57.83,3,3,0,100.0%,9.0%,0%,9.0%,1000,1090.0,10.88%,0%,10.88%,1000,1108.8
total,CELOUSDT,49.5,3,3,0,100.0%,9.0%,0%,9.0%,1000,1090.0,13.96%,0%,13.96%,1000,1139.6
total,THETAUSDT,62.83,4,4,0,100.0%,12.0%,0%,12.0%,1000,1120.0,19.64%,0%,19.64%,1000,1196.4
total,HIGHUSDT,132.83,5,5,0,100.0%,13.0%,0%,13.0%,1000,1130.0,17.56%,0%,17.56%,1000,1175.6
total,WOOUSDT,91.17,4,4,0,100.0%,10.0%,0%,10.0%,1000,1100.0,18.04%,0%,18.04%,1000,1180.4
total,XVGUSDT,119.17,5,5,0,100.0%,13.0%,0%,13.0%,1000,1130.0,20.64%,0%,20.64%,1000,1206.4
total,KSMUSDT,115.83,4,4,0,100.0%,6.0%,0%,6.0%,1000,1060.0,8.68%,0%,8.68%,1000,1086.8
total,SANDUSDT,71.17,4,4,0,100.0%,10.0%,0%,10.0%,1000,1100.0,14.96%,0%,14.96%,1000,1149.6
total,OMGUSDT,89.5,6,6,0,100.0%,16.0%,0%,16.0%,1000,1160.0,26.32%,0%,26.32%,1000,1263.2
total,GALAUSDT,103.67,9,8,1,88.89%,18.0%,-6.0%,12.0%,1000,1120.0,25.24%,-6.0%,19.24%,1000,1192.4
total,MAGICUSDT,134.17,8,7,1,87.5%,13.0%,-6.0%,7.0%,1000,1070.0,21.04%,-6.0%,15.04%,1000,1150.4
total,TRUUSDT,103.83,8,7,1,87.5%,17.0%,-6.0%,11.0%,1000,1110.0,18.08%,-6.0%,12.08%,1000,1120.8
total,HOOKUSDT,132.83,8,7,1,87.5%,17.0%,-6.0%,11.0%,1000,1110.0,21.16%,-6.0%,15.16%,1000,1151.6
total,CTKUSDT,132.33,7,6,1,85.71%,12.0%,-6.0%,6.0%,1000,1060.0,16.96%,-6.0%,10.96%,1000,1109.6
total,HFTUSDT,107.17,7,6,1,85.71%,12.0%,-6.0%,6.0%,1000,1060.0,16.96%,-6.0%,10.96%,1000,1109.6
total,MANAUSDT,115.0,7,6,1,85.71%,14.0%,-6.0%,8.0%,1000,1080.0,24.72%,-6.0%,18.72%,1000,1187.2
total,INJUSDT,117.83,7,6,1,85.71%,12.0%,-6.0%,6.0%,1000,1060.0,13.88%,-6.0%,7.88%,1000,1078.8
total,BNTUSDT,124.0,7,6,1,85.71%,14.0%,-6.0%,8.0%,1000,1080.0,18.56%,-6.0%,12.56%,1000,1125.6
total,RDNTUSDT,134.33,7,6,1,85.71%,14.0%,-6.0%,8.0%,1000,1080.0,21.64%,-6.0%,15.64%,1000,1156.4
total,RENUSDT,108.0,7,6,1,85.71%,16.0%,-6.0%,10.0%,1000,1100.0,23.24%,-6.0%,17.24%,1000,1172.4
total,SNTUSDT,133.67,6,5,1,83.33%,7.0%,-6.0%,1.0%,1000,1010.0,9.68%,-6.0%,3.68%,1000,1036.8
total,FTMUSDT,103.83,6,5,1,83.33%,11.0%,-6.0%,5.0%,1000,1050.0,15.96%,-6.0%,9.96%,1000,1099.6
total,CRVUSDT,73.0,6,5,1,83.33%,15.0%,-6.0%,9.0%,1000,1090.0,28.4%,-6.0%,22.4%,1000,1224.0
total,LQTYUSDT,131.33,6,5,1,83.33%,13.0%,-6.0%,7.0%,1000,1070.0,20.64%,-6.0%,14.64%,1000,1146.4
total,IMXUSDT,75.83,6,5,1,83.33%,15.0%,-6.0%,9.0%,1000,1090.0,22.24%,-6.0%,16.24%,1000,1162.4
total,GRTUSDT,71.83,6,5,1,83.33%,13.0%,-6.0%,7.0%,1000,1070.0,23.72%,-6.0%,17.72%,1000,1177.2
total,C98USDT,102.83,6,5,1,83.33%,11.0%,-6.0%,5.0%,1000,1050.0,15.96%,-6.0%,9.96%,1000,1099.6
total,HOTUSDT,88.0,6,5,1,83.33%,11.0%,-6.0%,5.0%,1000,1050.0,12.88%,-6.0%,6.88%,1000,1068.8
total,COTIUSDT,115.67,6,5,1,83.33%,9.0%,-6.0%,3.0%,1000,1030.0,14.36%,-6.0%,8.36%,1000,1083.6
total,APTUSDT,70.83,5,4,1,80.0%,12.0%,-6.0%,6.0%,1000,1060.0,19.64%,-6.0%,13.64%,1000,1136.4
total,STMXUSDT,70.67,5,4,1,80.0%,10.0%,-6.0%,4.0%,1000,1040.0,11.88%,-6.0%,5.88%,1000,1058.8
total,DUSKUSDT,96.0,5,4,1,80.0%,8.0%,-6.0%,2.0%,1000,1020.0,13.36%,-6.0%,7.36%,1000,1073.6
total,BCHUSDT,77.17,5,4,1,80.0%,10.0%,-6.0%,4.0%,1000,1040.0,11.88%,-6.0%,5.88%,1000,1058.8
total,GALUSDT,93.17,5,4,1,80.0%,12.0%,-6.0%,6.0%,1000,1060.0,16.56%,-6.0%,10.56%,1000,1105.6
total,SUIUSDT,85.33,5,4,1,80.0%,10.0%,-6.0%,4.0%,1000,1040.0,18.04%,-6.0%,12.04%,1000,1120.4
total,SKLUSDT,70.67,5,4,1,80.0%,10.0%,-6.0%,4.0%,1000,1040.0,11.88%,-6.0%,5.88%,1000,1058.8
total,JOEUSDT,95.67,5,4,1,80.0%,10.0%,-6.0%,4.0%,1000,1040.0,18.04%,-6.0%,12.04%,1000,1120.4
total,ONEUSDT,88.33,5,4,1,80.0%,12.0%,-6.0%,6.0%,1000,1060.0,16.56%,-6.0%,10.56%,1000,1105.6
total,FETUSDT,100.67,5,4,1,80.0%,6.0%,-6.0%,0.0%,1000,1000.0,8.68%,-6.0%,2.68%,1000,1026.8
total,ARUSDT,71.5,5,4,1,80.0%,10.0%,-6.0%,4.0%,1000,1040.0,14.96%,-6.0%,8.96%,1000,1089.6
total,PENDLEUSDT,131.0,5,4,0,80.0%,12.0%,0%,12.0%,1000,1120.0,16.56%,0%,16.56%,1000,1165.6
total,XRPUSDT,105.67,5,4,1,80.0%,12.0%,-6.0%,6.0%,1000,1060.0,19.64%,-6.0%,13.64%,1000,1136.4
total,CELRUSDT,85.33,5,4,1,80.0%,10.0%,-6.0%,4.0%,1000,1040.0,14.96%,-6.0%,8.96%,1000,1089.6
total,NMRUSDT,104.33,5,4,1,80.0%,8.0%,-6.0%,2.0%,1000,1020.0,10.28%,-6.0%,4.28%,1000,1042.8
total,VETUSDT,133.67,5,4,1,80.0%,8.0%,-6.0%,2.0%,1000,1020.0,10.28%,-6.0%,4.28%,1000,1042.8
total,EOSUSDT,85.67,5,4,1,80.0%,10.0%,-6.0%,4.0%,1000,1040.0,14.96%,-6.0%,8.96%,1000,1089.6
total,REEFUSDT,79.5,5,4,1,80.0%,10.0%,-6.0%,4.0%,1000,1040.0,11.88%,-6.0%,5.88%,1000,1058.8
total,UNFIUSDT,117.83,5,4,1,80.0%,8.0%,-6.0%,2.0%,1000,1020.0,10.28%,-6.0%,4.28%,1000,1042.8
total,IDEXUSDT,119.0,5,4,1,80.0%,10.0%,-6.0%,4.0%,1000,1040.0,18.04%,-6.0%,12.04%,1000,1120.4
total,ROSEUSDT,109.0,5,4,1,80.0%,8.0%,-6.0%,2.0%,1000,1020.0,10.28%,-6.0%,4.28%,1000,1042.8
total,KLAYUSDT,101.17,5,4,1,80.0%,10.0%,-6.0%,4.0%,1000,1040.0,14.96%,-6.0%,8.96%,1000,1089.6
total,OPUSDT,104.33,5,4,1,80.0%,12.0%,-6.0%,6.0%,1000,1060.0,19.64%,-6.0%,13.64%,1000,1136.4
total,OGNUSDT,125.67,9,7,2,77.78%,13.0%,-12.0%,1.0%,1000,1010.0,17.96%,-12.0%,5.96%,1000,1059.6
total,SXPUSDT,76.67,4,3,1,75.0%,7.0%,-6.0%,1.0%,1000,1010.0,9.28%,-6.0%,3.28%,1000,1032.8
total,XLMUSDT,91.33,4,3,1,75.0%,7.0%,-6.0%,1.0%,1000,1010.0,12.36%,-6.0%,6.36%,1000,1063.6
total,XTZUSDT,78.83,4,3,1,75.0%,9.0%,-6.0%,3.0%,1000,1030.0,10.88%,-6.0%,4.88%,1000,1048.8
total,HIFIUSDT,134.0,4,3,1,75.0%,7.0%,-6.0%,1.0%,1000,1010.0,9.28%,-6.0%,3.28%,1000,1032.8
total,HBARUSDT,91.33,4,3,1,75.0%,7.0%,-6.0%,1.0%,1000,1010.0,9.28%,-6.0%,3.28%,1000,1032.8
total,BANDUSDT,76.83,4,3,1,75.0%,9.0%,-6.0%,3.0%,1000,1030.0,10.88%,-6.0%,4.88%,1000,1048.8
total,MKRUSDT,75.5,4,3,1,75.0%,9.0%,-6.0%,3.0%,1000,1030.0,13.96%,-6.0%,7.96%,1000,1079.6
total,CHRUSDT,140.83,8,6,2,75.0%,16.0%,-12.0%,4.0%,1000,1040.0,23.24%,-12.0%,11.24%,1000,1112.4
total,FILUSDT,109.67,4,3,1,75.0%,7.0%,-6.0%,1.0%,1000,1010.0,9.28%,-6.0%,3.28%,1000,1032.8
total,UMAUSDT,76.33,4,3,1,75.0%,5.0%,-6.0%,-1.0%,1000,990.0,7.68%,-6.0%,1.68%,1000,1016.8
total,PERPUSDT,84.83,4,3,1,75.0%,9.0%,-6.0%,3.0%,1000,1030.0,13.96%,-6.0%,7.96%,1000,1079.6
total,GMTUSDT,86.5,4,3,1,75.0%,7.0%,-6.0%,1.0%,1000,1010.0,12.36%,-6.0%,6.36%,1000,1063.6
total,NEARUSDT,56.67,4,3,1,75.0%,7.0%,-6.0%,1.0%,1000,1010.0,12.36%,-6.0%,6.36%,1000,1063.6
total,SUPERUSDT,89.83,8,6,2,75.0%,10.0%,-12.0%,-2.0%,1000,980.0,9.2%,-12.0%,-2.8%,1000,972.0
total,RUNEUSDT,123.0,4,3,1,75.0%,9.0%,-6.0%,3.0%,1000,1030.0,10.88%,-6.0%,4.88%,1000,1048.8
total,RLCUSDT,80.17,4,3,1,75.0%,5.0%,-6.0%,-1.0%,1000,990.0,4.6%,-6.0%,-1.4%,1000,986.0
total,MINAUSDT,114.67,7,5,2,71.43%,11.0%,-12.0%,-1.0%,1000,990.0,15.96%,-12.0%,3.96%,1000,1039.6
total,ATAUSDT,130.5,7,5,2,71.43%,11.0%,-12.0%,-1.0%,1000,990.0,15.96%,-12.0%,3.96%,1000,1039.6
total,OXTUSDT,102.83,7,5,2,71.43%,5.0%,-12.0%,-7.0%,1000,930.0,5.0%,-12.0%,-7.0%,1000,930.0
total,WLDUSDT,74.33,7,5,2,71.43%,13.0%,-12.0%,1.0%,1000,1010.0,20.64%,-12.0%,8.64%,1000,1086.4
total,PHBUSDT,133.83,7,5,2,71.43%,9.0%,-12.0%,-3.0%,1000,970.0,8.2%,-12.0%,-3.8%,1000,962.0
total,LEVERUSDT,128.0,7,5,2,71.43%,15.0%,-12.0%,3.0%,1000,1030.0,22.24%,-12.0%,10.24%,1000,1102.4
total,RNDRUSDT,40.5,3,2,1,66.67%,6.0%,-6.0%,0.0%,1000,1000.0,8.28%,-6.0%,2.28%,1000,1022.8
total,BADGERUSDT,116.67,6,4,2,66.67%,8.0%,-12.0%,-4.0%,1000,960.0,10.28%,-12.0%,-1.72%,1000,982.8
total,YGGUSDT,104.17,6,4,2,66.67%,10.0%,-12.0%,-2.0%,1000,980.0,11.88%,-12.0%,-0.12%,1000,998.8
total,COMBOUSDT,145.67,12,8,4,66.67%,20.0%,-24.0%,-4.0%,1000,960.0,23.76%,-24.0%,-0.24%,1000,997.6
total,LINKUSDT,67.67,6,4,2,66.67%,6.0%,-12.0%,-6.0%,1000,940.0,8.68%,-12.0%,-3.32%,1000,966.8
total,DGBUSDT,64.5,3,2,1,66.67%,6.0%,-6.0%,0.0%,1000,1000.0,8.28%,-6.0%,2.28%,1000,1022.8
total,POWRUSDT,62.0,3,2,1,66.67%,6.0%,-6.0%,0.0%,1000,1000.0,11.36%,-6.0%,5.36%,1000,1053.6
total,ZECUSDT,54.83,3,2,1,66.67%,4.0%,-6.0%,-2.0%,1000,980.0,6.68%,-6.0%,0.68%,1000,1006.8
total,CTSIUSDT,115.5,6,4,2,66.67%,6.0%,-12.0%,-6.0%,1000,940.0,8.68%,-12.0%,-3.32%,1000,966.8
total,UNIUSDT,58.0,3,2,1,66.67%,6.0%,-6.0%,0.0%,1000,1000.0,8.28%,-6.0%,2.28%,1000,1022.8
total,WAXPUSDT,57.17,3,2,1,66.67%,6.0%,-6.0%,0.0%,1000,1000.0,11.36%,-6.0%,5.36%,1000,1053.6
total,SEIUSDT,29.5,3,2,1,66.67%,6.0%,-6.0%,0.0%,1000,1000.0,11.36%,-6.0%,5.36%,1000,1053.6
total,ZENUSDT,105.5,3,2,1,66.67%,4.0%,-6.0%,-2.0%,1000,980.0,6.68%,-6.0%,0.68%,1000,1006.8
total,KAVAUSDT,70.67,3,2,1,66.67%,6.0%,-6.0%,0.0%,1000,1000.0,11.36%,-6.0%,5.36%,1000,1053.6
total,MTLUSDT,64.83,3,2,1,66.67%,6.0%,-6.0%,0.0%,1000,1000.0,11.36%,-6.0%,5.36%,1000,1053.6
total,GTCUSDT,103.5,6,4,2,66.67%,10.0%,-12.0%,-2.0%,1000,980.0,18.04%,-12.0%,6.04%,1000,1060.4
total,ETHUSDT,78.83,3,2,1,66.67%,4.0%,-6.0%,-2.0%,1000,980.0,6.68%,-6.0%,0.68%,1000,1006.8
total,EGLDUSDT,80.83,3,2,1,66.67%,6.0%,-6.0%,0.0%,1000,1000.0,11.36%,-6.0%,5.36%,1000,1053.6
total,BELUSDT,114.33,6,4,2,66.67%,10.0%,-12.0%,-2.0%,1000,980.0,18.04%,-12.0%,6.04%,1000,1060.4
total,ENJUSDT,67.67,3,2,1,66.67%,6.0%,-6.0%,0.0%,1000,1000.0,8.28%,-6.0%,2.28%,1000,1022.8
total,ILVUSDT,105.33,3,2,1,66.67%,6.0%,-6.0%,0.0%,1000,1000.0,11.36%,-6.0%,5.36%,1000,1053.6
total,BNXUSDT,112.83,6,4,2,66.67%,10.0%,-12.0%,-2.0%,1000,980.0,18.04%,-12.0%,6.04%,1000,1060.4
total,FRONTUSDT,122.5,6,4,2,66.67%,10.0%,-12.0%,-2.0%,1000,980.0,14.96%,-12.0%,2.96%,1000,1029.6
total,DYDXUSDT,96.83,3,2,1,66.67%,6.0%,-6.0%,0.0%,1000,1000.0,5.2%,-6.0%,-0.8%,1000,992.0
total,XVSUSDT,117.83,6,4,2,66.67%,10.0%,-12.0%,-2.0%,1000,980.0,14.96%,-12.0%,2.96%,1000,1029.6
total,TLMUSDT,76.83,6,4,2,66.67%,6.0%,-12.0%,-6.0%,1000,940.0,8.68%,-12.0%,-3.32%,1000,966.8
total,BLZUSDT,108.0,6,4,2,66.67%,12.0%,-12.0%,0.0%,1000,1000.0,22.72%,-12.0%,10.72%,1000,1107.2
total,CYBERUSDT,30.67,3,2,1,66.67%,6.0%,-6.0%,0.0%,1000,1000.0,11.36%,-6.0%,5.36%,1000,1053.6
total,LDOUSDT,92.0,6,4,2,66.67%,8.0%,-12.0%,-4.0%,1000,960.0,10.28%,-12.0%,-1.72%,1000,982.8
total,STXUSDT,131.17,9,6,3,66.67%,12.0%,-18.0%,-6.0%,1000,940.0,13.88%,-18.0%,-4.12%,1000,958.8
total,IDUSDT,111.67,3,2,1,66.67%,6.0%,-6.0%,0.0%,1000,1000.0,11.36%,-6.0%,5.36%,1000,1053.6
total,RSRUSDT,104.5,8,5,3,62.5%,9.0%,-18.0%,-9.0%,1000,910.0,11.28%,-18.0%,-6.72%,1000,932.8
total,AXSUSDT,71.0,5,3,2,60.0%,9.0%,-12.0%,-3.0%,1000,970.0,17.04%,-12.0%,5.04%,1000,1050.4
total,LINAUSDT,117.17,5,3,2,60.0%,9.0%,-12.0%,-3.0%,1000,970.0,13.96%,-12.0%,1.96%,1000,1019.6
total,BICOUSDT,95.83,5,3,2,60.0%,9.0%,-12.0%,-3.0%,1000,970.0,13.96%,-12.0%,1.96%,1000,1019.6
total,BATUSDT,80.33,5,3,2,60.0%,7.0%,-12.0%,-5.0%,1000,950.0,9.28%,-12.0%,-2.72%,1000,972.8
total,RADUSDT,77.0,5,3,2,60.0%,7.0%,-12.0%,-5.0%,1000,950.0,12.36%,-12.0%,0.36%,1000,1003.6
total,NEOUSDT,115.0,5,3,2,60.0%,7.0%,-12.0%,-5.0%,1000,950.0,12.36%,-12.0%,0.36%,1000,1003.6
total,MATICUSDT,82.83,5,3,2,60.0%,9.0%,-12.0%,-3.0%,1000,970.0,13.96%,-12.0%,1.96%,1000,1019.6
total,SOLUSDT,48.0,5,3,2,60.0%,9.0%,-12.0%,-3.0%,1000,970.0,17.04%,-12.0%,5.04%,1000,1050.4
total,NKNUSDT,102.67,5,3,2,60.0%,5.0%,-12.0%,-7.0%,1000,930.0,7.68%,-12.0%,-4.32%,1000,956.8
total,SUSHIUSDT,89.33,7,4,3,57.14%,12.0%,-18.0%,-6.0%,1000,940.0,13.48%,-18.0%,-4.52%,1000,954.8
total,AUDIOUSDT,86.67,7,4,3,57.14%,10.0%,-18.0%,-8.0%,1000,920.0,11.88%,-18.0%,-6.12%,1000,938.8
total,FLMUSDT,115.33,7,4,3,57.14%,10.0%,-18.0%,-8.0%,1000,920.0,14.96%,-18.0%,-3.04%,1000,969.6
total,LTCUSDT,122.83,7,4,3,57.14%,12.0%,-18.0%,-6.0%,1000,940.0,16.56%,-18.0%,-1.44%,1000,985.6
total,CVXUSDT,119.0,7,4,3,57.14%,10.0%,-18.0%,-8.0%,1000,920.0,18.04%,-18.0%,0.04%,1000,1000.4
total,CAKEUSDT,66.17,4,2,2,50.0%,6.0%,-12.0%,-6.0%,1000,940.0,11.36%,-12.0%,-0.64%,1000,993.6
total,ONTUSDT,120.33,6,3,3,50.0%,9.0%,-18.0%,-9.0%,1000,910.0,10.88%,-18.0%,-7.12%,1000,928.8
total,LITUSDT,86.33,4,2,2,50.0%,6.0%,-12.0%,-6.0%,1000,940.0,8.28%,-12.0%,-3.72%,1000,962.8
total,STEEMUSDT,45.17,4,2,2,50.0%,4.0%,-12.0%,-8.0%,1000,920.0,6.68%,-12.0%,-5.32%,1000,946.8
total,SFPUSDT,134.0,4,2,2,50.0%,2.0%,-12.0%,-10.0%,1000,900.0,2.0%,-12.0%,-10.0%,1000,900.0
total,BAKEUSDT,111.17,8,4,4,50.0%,10.0%,-24.0%,-14.0%,1000,860.0,11.88%,-24.0%,-12.12%,1000,878.8
total,QTUMUSDT,77.33,6,3,3,50.0%,7.0%,-18.0%,-11.0%,1000,890.0,9.28%,-18.0%,-8.72%,1000,912.8
total,STORJUSDT,94.33,6,3,3,50.0%,7.0%,-18.0%,-11.0%,1000,890.0,12.36%,-18.0%,-5.64%,1000,943.6
total,ICXUSDT,54.83,4,2,2,50.0%,4.0%,-12.0%,-8.0%,1000,920.0,6.68%,-12.0%,-5.32%,1000,946.8
total,CHZUSDT,77.33,4,2,2,50.0%,6.0%,-12.0%,-6.0%,1000,940.0,8.28%,-12.0%,-3.72%,1000,962.8
total,KNCUSDT,77.0,4,2,2,50.0%,2.0%,-12.0%,-10.0%,1000,900.0,2.0%,-12.0%,-10.0%,1000,900.0
total,TRXUSDT,70.67,2,1,1,50.0%,3.0%,-6.0%,-3.0%,1000,970.0,2.6%,-6.0%,-3.4%,1000,966.0
total,MDTUSDT,90.33,4,2,2,50.0%,6.0%,-12.0%,-6.0%,1000,940.0,11.36%,-12.0%,-0.64%,1000,993.6
total,ETCUSDT,76.0,4,2,2,50.0%,6.0%,-12.0%,-6.0%,1000,940.0,8.28%,-12.0%,-3.72%,1000,962.8
total,CFXUSDT,141.33,8,4,4,50.0%,8.0%,-24.0%,-16.0%,1000,840.0,10.28%,-24.0%,-13.72%,1000,862.8
total,IOTXUSDT,128.67,7,3,4,42.86%,7.0%,-24.0%,-17.0%,1000,830.0,12.36%,-24.0%,-11.64%,1000,883.6
total,BONDUSDT,138.67,7,3,4,42.86%,9.0%,-24.0%,-15.0%,1000,850.0,17.04%,-24.0%,-6.96%,1000,930.4
total,LRCUSDT,119.67,7,3,4,42.86%,9.0%,-24.0%,-15.0%,1000,850.0,13.96%,-24.0%,-10.04%,1000,899.6
total,DARUSDT,120.33,7,3,4,42.86%,7.0%,-24.0%,-17.0%,1000,830.0,12.36%,-24.0%,-11.64%,1000,883.6
total,GASUSDT,76.83,5,2,3,40.0%,2.0%,-18.0%,-16.0%,1000,840.0,2.0%,-18.0%,-16.0%,1000,840.0
total,KEYUSDT,86.33,5,2,3,40.0%,6.0%,-18.0%,-12.0%,1000,880.0,8.28%,-18.0%,-9.72%,1000,902.8
total,CKBUSDT,92.0,5,2,3,40.0%,4.0%,-18.0%,-14.0%,1000,860.0,3.6%,-18.0%,-14.4%,1000,856.0
total,PEOPLEUSDT,133.67,8,3,5,37.5%,7.0%,-30.0%,-23.0%,1000,770.0,9.28%,-30.0%,-20.72%,1000,792.8
total,MBLUSDT,97.17,3,1,2,33.33%,3.0%,-12.0%,-9.0%,1000,910.0,5.68%,-12.0%,-6.32%,1000,936.8
total,ZRXUSDT,86.0,6,2,4,33.33%,2.0%,-24.0%,-22.0%,1000,780.0,2.0%,-24.0%,-22.0%,1000,780.0
total,XMRUSDT,53.83,3,1,2,33.33%,3.0%,-12.0%,-9.0%,1000,910.0,5.68%,-12.0%,-6.32%,1000,936.8
total,WAVESUSDT,96.67,6,2,4,33.33%,4.0%,-24.0%,-20.0%,1000,800.0,3.6%,-24.0%,-20.4%,1000,796.0
total,POLYXUSDT,78.67,3,1,2,33.33%,3.0%,-12.0%,-9.0%,1000,910.0,2.6%,-12.0%,-9.4%,1000,906.0
total,SPELLUSDT,112.83,9,3,6,33.33%,7.0%,-36.0%,-29.0%,1000,710.0,12.36%,-36.0%,-23.64%,1000,763.6
total,XEMUSDT,89.83,4,1,3,25.0%,1.0%,-18.0%,-17.0%,1000,830.0,1.0%,-18.0%,-17.0%,1000,830.0
total,MEMEUSDT,0.0,1,0,1,0.0%,0%,-6.0%,-6.0%,1000,940.0,0%,-6.0%,-6.0%,1000,940.0
total,ARKUSDT,0.0,1,0,1,0.0%,0%,-6.0%,-6.0%,1000,940.0,0%,-6.0%,-6.0%,1000,940.0
